-- --------------------------------------------------------
-- Servidor:                     127.0.0.1
-- Versão do servidor:           8.0.30 - MySQL Community Server - GPL
-- OS do Servidor:               Win64
-- HeidiSQL Versão:              12.1.0.6537
-- --------------------------------------------------------

/*!40101 SET @OLD_CHARACTER_SET_CLIENT=@@CHARACTER_SET_CLIENT */;
/*!40101 SET NAMES utf8 */;
/*!50503 SET NAMES utf8mb4 */;
/*!40103 SET @OLD_TIME_ZONE=@@TIME_ZONE */;
/*!40103 SET TIME_ZONE='+00:00' */;
/*!40014 SET @OLD_FOREIGN_KEY_CHECKS=@@FOREIGN_KEY_CHECKS, FOREIGN_KEY_CHECKS=0 */;
/*!40101 SET @OLD_SQL_MODE=@@SQL_MODE, SQL_MODE='NO_AUTO_VALUE_ON_ZERO' */;
/*!40111 SET @OLD_SQL_NOTES=@@SQL_NOTES, SQL_NOTES=0 */;


-- Copiando estrutura do banco de dados para financeiro
CREATE DATABASE IF NOT EXISTS `financeiro` /*!40100 DEFAULT CHARACTER SET utf8mb4 COLLATE utf8mb4_0900_ai_ci */ /*!80016 DEFAULT ENCRYPTION='N' */;
USE `financeiro`;

-- Copiando estrutura para tabela financeiro.banco
CREATE TABLE IF NOT EXISTS `banco` (
  `id_banco` int NOT NULL AUTO_INCREMENT,
  `id_usuario` int NOT NULL,
  `banco` varchar(15) CHARACTER SET utf8mb4 COLLATE utf8mb4_general_ci NOT NULL,
  `agencia` varchar(15) CHARACTER SET utf8mb4 COLLATE utf8mb4_general_ci NOT NULL,
  `conta` varchar(15) CHARACTER SET utf8mb4 COLLATE utf8mb4_general_ci NOT NULL,
  `saldo` decimal(10,2) NOT NULL,
  `senha` varchar(30) CHARACTER SET utf8mb4 COLLATE utf8mb4_general_ci NOT NULL,
  PRIMARY KEY (`id_banco`),
  KEY `id_usuario` (`id_usuario`)
) ENGINE=InnoDB AUTO_INCREMENT=20 DEFAULT CHARSET=utf8mb4 COLLATE=utf8mb4_general_ci;

-- Copiando dados para a tabela financeiro.banco: ~6 rows (aproximadamente)
REPLACE INTO `banco` (`id_banco`, `id_usuario`, `banco`, `agencia`, `conta`, `saldo`, `senha`) VALUES
	(1, 1, 'Neom', '655', '543139', 11.48, '123'),
	(2, 1, 'Mercado Pago', '1', '2964951634', 0.00, '123'),
	(3, 1, 'Pic Pay', '1', '11965328', 0.00, '123'),
	(4, 1, 'SumUp', '1', '168407942', 0.00, '111'),
	(5, 1, 'Dinheiro', '0', '0', 0.00, '123'),
	(18, 1, '99 Pay', '0', '0', 0.00, '2');

-- Copiando estrutura para tabela financeiro.cartao
CREATE TABLE IF NOT EXISTS `cartao` (
  `id_cartao` int NOT NULL AUTO_INCREMENT,
  `cartao` varchar(30) CHARACTER SET utf8mb4 COLLATE utf8mb4_general_ci NOT NULL,
  `limite` int NOT NULL,
  `fechamento` int NOT NULL,
  `vencimento` int NOT NULL,
  `limite_disponivel` int DEFAULT NULL,
  PRIMARY KEY (`id_cartao`)
) ENGINE=InnoDB AUTO_INCREMENT=18 DEFAULT CHARSET=utf8mb4 COLLATE=utf8mb4_general_ci;

-- Copiando dados para a tabela financeiro.cartao: ~9 rows (aproximadamente)
REPLACE INTO `cartao` (`id_cartao`, `cartao`, `limite`, `fechamento`, `vencimento`, `limite_disponivel`) VALUES
	(1, 'Carrefour', 2300, 6, 15, 922),
	(2, 'Digio', 800, 11, 15, 297),
	(3, 'Itau Multiplo internacional', 500, 10, 17, 290),
	(4, 'Itau click visa', 1020, 8, 15, 258),
	(5, 'Itau click master', 1300, 1, 8, 5),
	(6, 'Itau digital', 750, 14, 21, 166),
	(7, 'Will', 5500, 4, 10, 580),
	(8, 'Neom', 3500, 6, 11, 50),
	(9, 'Mercado livre', 1400, 11, 17, 340),
	(15, 'Nubank', 1500, 1, 6, 0),
	(16, 'Will Bruna', 0, 0, 0, 0),
	(17, 'Nubank pai', 0, 0, 0, NULL);

-- Copiando estrutura para tabela financeiro.cartao_categoria
CREATE TABLE IF NOT EXISTS `cartao_categoria` (
  `id_categoria_cartao` int NOT NULL AUTO_INCREMENT,
  `categoria_cartao` varchar(30) CHARACTER SET utf8mb4 COLLATE utf8mb4_general_ci NOT NULL,
  PRIMARY KEY (`id_categoria_cartao`)
) ENGINE=InnoDB AUTO_INCREMENT=13 DEFAULT CHARSET=utf8mb4 COLLATE=utf8mb4_general_ci;

-- Copiando dados para a tabela financeiro.cartao_categoria: ~10 rows (aproximadamente)
REPLACE INTO `cartao_categoria` (`id_categoria_cartao`, `categoria_cartao`) VALUES
	(1, 'Ferramentas'),
	(2, 'Pc Gamer'),
	(3, 'Palio'),
	(4, 'Moto'),
	(5, 'Clio'),
	(6, 'Revenda'),
	(7, 'Emprestimo'),
	(8, 'Casa'),
	(9, 'Saude'),
	(10, 'Pessoal'),
	(11, 'Anuidade'),
	(12, 'Compra');

-- Copiando estrutura para tabela financeiro.cartao_comprador
CREATE TABLE IF NOT EXISTS `cartao_comprador` (
  `id_comprador` int NOT NULL AUTO_INCREMENT,
  `comprador` varchar(30) CHARACTER SET utf8mb4 COLLATE utf8mb4_general_ci NOT NULL,
  `ativo` int NOT NULL,
  PRIMARY KEY (`id_comprador`) USING BTREE
) ENGINE=InnoDB AUTO_INCREMENT=50 DEFAULT CHARSET=utf8mb4 COLLATE=utf8mb4_general_ci;

-- Copiando dados para a tabela financeiro.cartao_comprador: ~7 rows (aproximadamente)
REPLACE INTO `cartao_comprador` (`id_comprador`, `comprador`, `ativo`) VALUES
	(1, 'Christopher', 1),
	(2, 'Larissa', 1),
	(4, 'Pai', 1),
	(5, 'Bruna', 1),
	(6, 'Geraldo', 1),
	(7, 'Sueli', 1),
	(8, 'Luiz', 1);

-- Copiando estrutura para tabela financeiro.cartao_fatura
CREATE TABLE IF NOT EXISTS `cartao_fatura` (
  `id_fatura` int NOT NULL AUTO_INCREMENT,
  `id_comprador` int NOT NULL,
  `id_cartao` int NOT NULL,
  `id_categoria` int NOT NULL,
  `produto` varchar(100) CHARACTER SET utf8mb4 COLLATE utf8mb4_general_ci NOT NULL,
  `valor_Total` decimal(10,2) NOT NULL,
  `valor_Parcela` decimal(10,2) NOT NULL,
  `numero_Parcelas` int NOT NULL,
  `data_compra` date NOT NULL,
  `primeira_fatura` varchar(7) COLLATE utf8mb4_general_ci DEFAULT NULL,
  PRIMARY KEY (`id_fatura`),
  KEY `id_cartao` (`id_cartao`),
  KEY `id_categoria` (`id_categoria`),
  KEY `id_usuario` (`id_comprador`) USING BTREE,
  CONSTRAINT `cartao_fatura_ibfk_1` FOREIGN KEY (`id_comprador`) REFERENCES `cartao_comprador` (`id_comprador`),
  CONSTRAINT `cartao_fatura_ibfk_2` FOREIGN KEY (`id_cartao`) REFERENCES `cartao` (`id_cartao`),
  CONSTRAINT `cartao_fatura_ibfk_3` FOREIGN KEY (`id_categoria`) REFERENCES `cartao_categoria` (`id_categoria_cartao`)
) ENGINE=InnoDB AUTO_INCREMENT=65 DEFAULT CHARSET=utf8mb4 COLLATE=utf8mb4_general_ci;

-- Copiando dados para a tabela financeiro.cartao_fatura: ~21 rows (aproximadamente)
REPLACE INTO `cartao_fatura` (`id_fatura`, `id_comprador`, `id_cartao`, `id_categoria`, `produto`, `valor_Total`, `valor_Parcela`, `numero_Parcelas`, `data_compra`, `primeira_fatura`) VALUES
	(37, 2, 1, 10, 'Moto g 54', 750.00, 37.50, 20, '2024-03-03', '2024-03'),
	(38, 1, 1, 8, 'TV 58', 1400.00, 69.95, 20, '2023-11-23', '2023-12'),
	(39, 5, 1, 8, 'Maquina de lavar ', 1259.85, 83.99, 15, '2025-12-01', '2024-12'),
	(40, 1, 2, 3, 'Pestana', 20.98, 10.49, 2, '2025-01-01', '2025-02'),
	(41, 1, 2, 1, 'Chave de impacto', 141.61, 20.23, 7, '2025-01-01', '2025-02'),
	(42, 1, 2, 3, 'Chave de seta', 82.78, 20.70, 4, '2025-01-01', '2025-02'),
	(43, 1, 2, 3, 'Capa banco ', 129.03, 32.26, 4, '2025-01-01', '2025-02'),
	(44, 1, 2, 8, 'Cadeira Computador', 195.20, 39.04, 5, '2025-01-01', '2025-02'),
	(45, 2, 2, 1, 'Jogo de ferramentas', 112.48, 56.24, 2, '2025-01-01', '2025-02'),
	(46, 1, 6, 5, 'Jogo de Pneu', 648.80, 64.88, 10, '2025-01-15', '2025-02'),
	(48, 6, 3, 7, 'Emprestimo', 1116.00, 186.00, 6, '2024-09-11', '2024-10'),
	(49, 6, 3, 11, 'Anuidade', 280.80, 23.40, 12, '2025-02-24', '2024-12'),
	(50, 1, 4, 7, 'Emprestimo', 850.00, 85.00, 10, '2024-05-21', '2024-06'),
	(51, 1, 4, 1, 'Compressor', 532.12, 48.37, 11, '2024-10-27', '2024-11'),
	(52, 4, 4, 1, 'Compressor', 532.12, 48.37, 11, '2024-10-27', '2024-11'),
	(53, 1, 5, 12, 'Compra', 406.86, 203.43, 2, '2025-02-03', '2025-03'),
	(54, 1, 5, 1, 'Regulador de pressao', 40.28, 10.07, 4, '2024-11-05', '2024-12'),
	(55, 1, 5, 8, 'Mesa PC', 251.30, 35.90, 7, '2024-12-03', '2025-01'),
	(56, 1, 5, 11, 'Fonte e monitor', 743.85, 82.65, 9, '2024-12-02', '2025-01'),
	(57, 1, 5, 3, 'Reparo Setas', 99.40, 24.85, 4, '2024-11-02', '2024-12'),
	(58, 1, 5, 11, 'Repuxadeira', 39.45, 6.58, 6, '2024-11-02', '2024-12'),
	(59, 4, 5, 1, 'Repuxadeira', 39.45, 6.58, 6, '2024-11-02', '2024-12'),
	(60, 1, 5, 7, 'Twister', 446.64, 55.83, 8, '2024-07-05', '2024-08'),
	(61, 1, 16, 10, 'Dentes', 600.00, 50.00, 12, '2025-01-01', '2025-02'),
	(63, 1, 17, 10, 'queijo', 37.50, 18.75, 2, '2025-02-26', '2025-03'),
	(64, 2, 17, 10, 'queijo', 37.50, 18.75, 2, '2025-02-26', '2025-03');

-- Copiando estrutura para tabela financeiro.despesa_categoria
CREATE TABLE IF NOT EXISTS `despesa_categoria` (
  `id_categoria` int NOT NULL AUTO_INCREMENT,
  `categoria` varchar(30) CHARACTER SET utf8mb4 COLLATE utf8mb4_general_ci NOT NULL,
  PRIMARY KEY (`id_categoria`)
) ENGINE=InnoDB AUTO_INCREMENT=21 DEFAULT CHARSET=utf8mb4 COLLATE=utf8mb4_general_ci;

-- Copiando dados para a tabela financeiro.despesa_categoria: ~18 rows (aproximadamente)
REPLACE INTO `despesa_categoria` (`id_categoria`, `categoria`) VALUES
	(1, 'Alimentacao'),
	(2, 'Refrigerante'),
	(3, 'Gasolina'),
	(4, 'Compra'),
	(5, 'Copasa'),
	(6, 'Cemig'),
	(7, 'Leite '),
	(8, 'Tim'),
	(9, 'Vero'),
	(10, 'Corte de cabelo'),
	(11, 'Chips'),
	(12, 'Pão'),
	(13, 'Carne'),
	(14, 'Outros'),
	(15, 'Chocolate'),
	(16, 'Receita'),
	(17, 'Biscoito'),
	(18, 'Ruffles'),
	(19, 'Palio'),
	(20, 'Eppi cinema');

-- Copiando estrutura para tabela financeiro.dividas
CREATE TABLE IF NOT EXISTS `dividas` (
  `id_divida` int NOT NULL AUTO_INCREMENT,
  `divida` varchar(30) CHARACTER SET utf8mb4 COLLATE utf8mb4_general_ci NOT NULL,
  `valor` decimal(10,2) NOT NULL,
  `data_prevista` date NOT NULL,
  PRIMARY KEY (`id_divida`)
) ENGINE=InnoDB AUTO_INCREMENT=16 DEFAULT CHARSET=utf8mb4 COLLATE=utf8mb4_general_ci;

-- Copiando dados para a tabela financeiro.dividas: ~4 rows (aproximadamente)
REPLACE INTO `dividas` (`id_divida`, `divida`, `valor`, `data_prevista`) VALUES
	(1, 'Gastos Mensais', 6.00, '2025-02-05'),
	(13, 'Cemig', 44.00, '2025-03-08'),
	(14, 'Vero internet', 36.00, '2025-03-05'),
	(15, 'Tim', 26.00, '2025-03-07');

-- Copiando estrutura para tabela financeiro.receber
CREATE TABLE IF NOT EXISTS `receber` (
  `id_receber` int NOT NULL AUTO_INCREMENT,
  `devedor` varchar(30) CHARACTER SET utf8mb4 COLLATE utf8mb4_general_ci NOT NULL,
  `valor` decimal(10,2) NOT NULL,
  `data_prevista` date NOT NULL,
  PRIMARY KEY (`id_receber`)
) ENGINE=InnoDB AUTO_INCREMENT=150 DEFAULT CHARSET=utf8mb4 COLLATE=utf8mb4_general_ci;

-- Copiando dados para a tabela financeiro.receber: ~0 rows (aproximadamente)

-- Copiando estrutura para tabela financeiro.todo_lista
CREATE TABLE IF NOT EXISTS `todo_lista` (
  `id_lista_todo` int NOT NULL AUTO_INCREMENT,
  `id_categoria` int NOT NULL,
  `itemCategoria` varchar(100) CHARACTER SET utf8mb4 COLLATE utf8mb4_general_ci NOT NULL,
  `dataASerCumprida` date NOT NULL,
  `status` enum('pendente','concluido','atrasado','pausado','rotina') CHARACTER SET utf8mb4 COLLATE utf8mb4_general_ci NOT NULL,
  PRIMARY KEY (`id_lista_todo`),
  KEY `id_categoria` (`id_categoria`),
  CONSTRAINT `todo_lista_ibfk_1` FOREIGN KEY (`id_categoria`) REFERENCES `todo_lista_categoria` (`id_categoria`) ON DELETE CASCADE
) ENGINE=InnoDB AUTO_INCREMENT=931 DEFAULT CHARSET=utf8mb4 COLLATE=utf8mb4_general_ci;

-- Copiando dados para a tabela financeiro.todo_lista: ~254 rows (aproximadamente)
REPLACE INTO `todo_lista` (`id_lista_todo`, `id_categoria`, `itemCategoria`, `dataASerCumprida`, `status`) VALUES
	(9, 12, 'marco para porta do banheiro', '2024-12-31', 'pendente'),
	(14, 12, 'colocar porta do banheiro', '2024-12-31', 'pendente'),
	(654, 2, 'Eletrica - Limpador Traseiro', '2025-02-28', 'pendente'),
	(655, 2, 'Eletrica - Luz de placa ?', '2024-12-31', 'concluido'),
	(656, 2, 'Eletrica - Farolete esquerdo', '2024-12-31', 'concluido'),
	(657, 2, 'Fechadura - Porta passageiro frente', '2024-12-31', 'pendente'),
	(658, 2, 'Pneus - Estepe', '2024-12-31', 'pendente'),
	(659, 2, 'Banco - Passageiro frente trava encosto', '2024-12-31', 'pendente'),
	(660, 2, 'Banco - Motorista rasgado', '2024-12-31', 'pendente'),
	(661, 2, 'Acabamento Int - Moldura ar central', '2024-12-31', 'pendente'),
	(662, 2, 'Acabamento Int - Pestana vidro motorista', '2024-12-31', 'concluido'),
	(663, 2, 'Acabamento Ext - Par de soleira', '2024-12-31', 'concluido'),
	(664, 2, 'Porta malas - Tapete', '2024-12-31', 'pendente'),
	(665, 2, 'Alarm - Desativar', '2024-12-31', 'concluido'),
	(666, 2, 'Lataria - Desamassa', '2024-12-31', 'pendente'),
	(667, 2, 'Lataria - Pintura', '2024-12-31', 'pendente'),
	(668, 2, 'Capo - Duto Anti-Chamas', '2024-12-31', 'pendente'),
	(669, 2, 'Capo - Mangueira saida filtro ar', '2024-12-31', 'pendente'),
	(670, 2, 'Capo - Limpeza vazamento', '2024-12-31', 'pendente'),
	(671, 3, 'Trocar coroa', '2024-12-31', 'pendente'),
	(672, 3, 'Lona de freio traseiro lubrificar', '2024-12-31', 'pendente'),
	(673, 3, 'Solda com massa plastica chassi', '2024-12-31', 'pendente'),
	(674, 3, 'Lubrificar corrente', '2024-12-31', 'pendente'),
	(675, 3, 'Aba Lateral direita', '2024-12-31', 'pendente'),
	(676, 3, 'Tampa Lateral direita', '2024-12-31', 'pendente'),
	(677, 3, 'Cabo puxador banco', '2024-12-31', 'pendente'),
	(678, 3, 'Trocar retentor bengala', '2024-12-31', 'pendente'),
	(679, 3, 'Acabamento', '2024-12-31', 'pendente'),
	(680, 3, 'Pintar bengala', '2024-12-31', 'pendente'),
	(681, 3, 'Pintar motor', '2024-12-31', 'pendente'),
	(682, 3, 'Pintar mesa superior', '2024-12-31', 'pendente'),
	(683, 3, 'Acabamento tanque', '2024-12-31', 'pendente'),
	(684, 4, 'Trocar retrovisor', '2024-12-31', 'pendente'),
	(685, 4, 'Desentorta cambio de marcha', '2024-12-31', 'pendente'),
	(686, 4, 'Colocar asas', '2024-12-31', 'concluido'),
	(688, 5, 'Desempeno chassi', '2024-12-31', 'pendente'),
	(689, 5, 'Verificar para lama traseiro', '2024-12-31', 'pendente'),
	(690, 5, 'Colocar setas', '2024-12-31', 'pendente'),
	(691, 5, 'Cabo puxador banco', '2024-12-31', 'pendente'),
	(692, 5, 'Luz de placa', '2024-12-31', 'pendente'),
	(693, 5, 'Painel Torto', '2024-12-31', 'pendente'),
	(694, 5, 'Travar carburador', '2024-12-31', 'pendente'),
	(695, 5, 'Trocar oleo motor', '2024-12-31', 'pendente'),
	(696, 5, 'Colocar bateria ', '2024-12-31', 'pendente'),
	(697, 5, 'Testar eletrica', '2024-12-31', 'pendente'),
	(698, 5, 'Montar carenagens', '2024-12-31', 'pendente'),
	(699, 5, 'Trocar pneu dianteiro', '2024-12-31', 'pendente'),
	(700, 5, 'Trocar pneu traseiro', '2024-12-31', 'pendente'),
	(701, 5, 'Colocar retrovisor', '2024-12-31', 'pendente'),
	(702, 6, 'Pedal de marcha', '2024-12-31', 'concluido'),
	(703, 6, 'Colocar carenagem dianteira farol', '2024-12-31', 'concluido'),
	(704, 6, 'Primer tanque', '2024-12-31', 'concluido'),
	(706, 6, 'Colocar asas', '2024-12-31', 'concluido'),
	(707, 6, 'Colocar tampas laterais', '2024-12-31', 'concluido'),
	(708, 6, 'Colocar retrovisor ', '2024-12-31', 'concluido'),
	(709, 7, 'Tirar motor', '2024-12-31', 'concluido'),
	(710, 7, 'Colocar Adesivos', '2024-12-31', 'concluido'),
	(711, 7, 'Verniz tanque', '2024-12-31', 'concluido'),
	(712, 7, 'Colocar tanque', '2024-12-31', 'concluido'),
	(713, 7, 'Colocar tampas laterais', '2024-12-31', 'concluido'),
	(714, 7, 'Retrovisor ', '2024-12-31', 'concluido'),
	(715, 7, '. Resolver problema do motor', '2024-12-31', 'concluido'),
	(716, 7, 'Polir tanque ', '2024-12-31', 'concluido'),
	(717, 7, '. Pedal click', '2024-12-31', 'concluido'),
	(718, 7, '. Piao', '2024-12-31', 'concluido'),
	(719, 8, 'Chave de seta', '2024-12-31', 'pendente'),
	(720, 8, 'Chave de partida', '2024-12-31', 'pendente'),
	(721, 8, 'Setas dianteiras', '2024-12-31', 'pendente'),
	(722, 8, 'Tirar Roda traseira', '2024-12-31', 'pendente'),
	(723, 8, 'Trocar Pneu roda traseira', '2024-12-31', 'pendente'),
	(724, 8, 'Colocar roda traseira', '2024-12-31', 'pendente'),
	(725, 8, 'Caixa de direcao', '2024-12-31', 'pendente'),
	(726, 8, 'Tirar Roda Dianteira', '2024-12-31', 'pendente'),
	(727, 8, 'Trocar Pneu roda dianteira', '2024-12-31', 'pendente'),
	(728, 8, 'Colocar roda dianteira', '2024-12-31', 'pendente'),
	(729, 8, 'Colocar Farol completo', '2024-12-31', 'pendente'),
	(730, 8, 'Colocar velocimetro', '2024-12-31', 'pendente'),
	(731, 8, 'Colocar Tanque ', '2024-12-31', 'pendente'),
	(732, 8, 'Colocar Painel no tanque', '2024-12-31', 'pendente'),
	(733, 8, 'Colocar Para lama dianteiro', '2024-12-31', 'pendente'),
	(734, 8, 'Colocar Rabeta', '2024-12-31', 'pendente'),
	(735, 8, 'Colocar Bateria', '2024-12-31', 'pendente'),
	(736, 8, 'Colocar tampas laterais', '2024-12-31', 'pendente'),
	(737, 8, 'Colocar Lanterna Traseira', '2024-12-31', 'pendente'),
	(738, 8, 'Setas traseiras', '2024-12-31', 'pendente'),
	(739, 8, 'Capa do banco', '2024-12-31', 'pendente'),
	(740, 8, 'Limpar carburador', '2024-12-31', 'pendente'),
	(741, 8, 'Conferir Eletrica', '2024-12-31', 'pendente'),
	(742, 8, 'Colocar freio dianteiro', '2024-12-31', 'pendente'),
	(743, 8, 'Adaptar freio traseiro', '2024-12-31', 'pendente'),
	(744, 8, 'Conferir Freio traseiro', '2024-12-31', 'pendente'),
	(745, 8, 'Trocar oleo motor', '2024-12-31', 'pendente'),
	(746, 8, 'Colocar retrovisor', '2024-12-31', 'pendente'),
	(747, 8, 'manete de embreagem?', '2024-12-31', 'pendente'),
	(748, 8, 'Manete de freio?', '2024-12-31', 'pendente'),
	(749, 8, 'Colocar Adesivos', '2024-12-31', 'pendente'),
	(750, 9, 'Solda tanque Twister', '2024-12-31', 'pendente'),
	(751, 9, 'Trocar oleo bengala', '2024-12-31', 'pendente'),
	(752, 9, 'Colocar a mesa', '2024-12-31', 'pendente'),
	(753, 9, 'Colocar  ignicao', '2024-12-31', 'pendente'),
	(754, 9, 'Colocar guidon', '2024-12-31', 'pendente'),
	(755, 9, 'Colocar bengalas', '2024-12-31', 'pendente'),
	(756, 9, 'Trocar disco de freio', '2024-12-31', 'pendente'),
	(757, 9, 'Colocar Roda dianteira', '2024-12-31', 'pendente'),
	(758, 9, 'Colocar Sistema de freio', '2024-12-31', 'pendente'),
	(759, 9, 'Verificar radiador', '2024-12-31', 'pendente'),
	(760, 9, 'Colocar chaves de seta', '2024-12-31', 'pendente'),
	(761, 9, 'Colocar chaves de partida', '2024-12-31', 'pendente'),
	(762, 9, 'Colocar manete de freio ', '2024-12-31', 'pendente'),
	(763, 9, 'Colocar manete embreagem ', '2024-12-31', 'pendente'),
	(764, 9, 'Colocar Sensor velocimetro', '2024-12-31', 'pendente'),
	(765, 9, 'Colocar Painel', '2024-12-31', 'pendente'),
	(766, 9, 'Colocar Suporte farol', '2024-12-31', 'pendente'),
	(767, 9, 'Colocar Setas ', '2024-12-31', 'pendente'),
	(768, 9, 'Colocar farol', '2024-12-31', 'pendente'),
	(769, 9, 'Trocar para lama traseiro ', '2024-12-31', 'pendente'),
	(770, 9, 'Colocar Lanterna traseira', '2024-12-31', 'pendente'),
	(771, 9, 'Colocar placa', '2024-12-31', 'pendente'),
	(772, 9, 'Trocar capa banco', '2024-12-31', 'pendente'),
	(773, 9, 'Trocar oleo motor', '2024-12-31', 'pendente'),
	(774, 9, 'Trocar rele de partida', '2024-12-31', 'pendente'),
	(775, 9, 'Colocar bateria', '2024-12-31', 'pendente'),
	(776, 9, 'Colocar rele de seta', '2024-12-31', 'pendente'),
	(777, 9, 'Verificar cabo de acelerador', '2024-12-31', 'pendente'),
	(778, 9, 'Verificar cabo de embreagem', '2024-12-31', 'pendente'),
	(779, 9, 'Verificar cabo de velocimetro', '2024-12-31', 'pendente'),
	(780, 9, 'Pintar Motor', '2024-12-31', 'pendente'),
	(781, 9, 'Pintar tampa piao', '2024-12-31', 'pendente'),
	(782, 9, 'Pintar bacalhau', '2024-12-31', 'pendente'),
	(783, 9, 'Pintar balanca', '2024-12-31', 'pendente'),
	(784, 9, 'Colocar escapamento', '2024-12-31', 'pendente'),
	(785, 9, 'Ajustar motor de arranque', '2024-12-31', 'pendente'),
	(786, 9, 'Ajustar carburador', '2024-12-31', 'pendente'),
	(787, 9, 'Colocar Para lama Dianteiro', '2024-12-31', 'pendente'),
	(788, 9, 'Colocar Tanque', '2024-12-31', 'pendente'),
	(789, 9, 'Colocar Asas', '2024-12-31', 'pendente'),
	(790, 9, 'Filtro de Gasolina', '2024-12-31', 'pendente'),
	(791, 9, 'Colocar Rabeta', '2024-12-31', 'pendente'),
	(792, 9, 'Colocar tampas laterais', '2024-12-31', 'pendente'),
	(793, 9, 'Colocar tampa do piao', '2024-12-31', 'pendente'),
	(794, 9, 'Colocar Adesivo', '2024-12-31', 'pendente'),
	(795, 9, 'Colocar retrovisor', '2024-12-31', 'pendente'),
	(796, 10, 'solda tanque', '2024-12-31', 'pendente'),
	(797, 10, 'limpar tanque por dentro', '2024-12-31', 'pendente'),
	(798, 10, 'recuperar tampas laterais', '2024-12-31', 'pendente'),
	(799, 10, 'acabamento no chassi', '2024-12-31', 'pendente'),
	(800, 10, 'trocar capa banco', '2024-12-31', 'pendente'),
	(801, 10, 'trocar pneu dianteiro', '2024-12-31', 'pendente'),
	(802, 10, 'trocar pneu traseiro', '2024-12-31', 'pendente'),
	(803, 10, 'trocar guidom', '2024-12-31', 'pendente'),
	(804, 10, 'trocar oleo motor', '2024-12-31', 'pendente'),
	(805, 10, 'colocar buzina', '2024-12-31', 'pendente'),
	(806, 10, 'colocar bateria', '2024-12-31', 'pendente'),
	(807, 10, 'colocar manicoto embreagem', '2024-12-31', 'pendente'),
	(808, 10, 'colocar manete embreagem', '2024-12-31', 'pendente'),
	(809, 10, 'trocar punhos e rodana', '2024-12-31', 'pendente'),
	(810, 10, 'verificar chicote', '2024-12-31', 'pendente'),
	(811, 10, 'colocar setas', '2024-12-31', 'pendente'),
	(812, 10, 'colocar ignicao no painel', '2024-12-31', 'pendente'),
	(813, 10, 'colocar painel', '2024-12-31', 'pendente'),
	(814, 10, 'colocar farol completo', '2024-12-31', 'pendente'),
	(815, 10, 'acabamento para lama traseiro', '2024-12-31', 'pendente'),
	(816, 10, 'olho de gato  para lama traseiro', '2024-12-31', 'pendente'),
	(817, 10, 'trocar lanterna traseira', '2024-12-31', 'pendente'),
	(818, 10, 'colocar alca garupa', '2024-12-31', 'pendente'),
	(819, 10, 'colocar tanque', '2024-12-31', 'pendente'),
	(820, 10, 'colocar tampas laterais', '2024-12-31', 'pendente'),
	(821, 10, 'colocar para lama dianteiro', '2024-12-31', 'pendente'),
	(822, 10, 'colocar adesivos', '2024-12-31', 'pendente'),
	(823, 10, 'limpeza carburador', '2024-12-31', 'pendente'),
	(824, 10, 'testar moto', '2024-12-31', 'pendente'),
	(825, 10, 'colocar cabo velocimentro', '2024-12-31', 'pendente'),
	(826, 11, 'Corta piso e colocar ralo oculto', '2024-12-31', 'pendente'),
	(827, 11, 'Ceramica na parede de entrada', '2024-12-31', 'pendente'),
	(828, 11, 'Colocar porta', '2024-12-31', 'pendente'),
	(829, 11, 'Fazer escada', '2024-12-31', 'pendente'),
	(830, 11, 'Colocar tanquinho', '2024-12-31', 'pendente'),
	(831, 11, 'Raspar parede atras da maquina de lavar', '2024-12-31', 'pendente'),
	(832, 11, 'Colocar armario na parede', '2024-12-31', 'pendente'),
	(833, 12, 'Corta parede ', '2024-12-31', 'pendente'),
	(834, 12, 'Corta marco da porta', '2024-12-31', 'pendente'),
	(835, 12, 'Colocar porta', '2024-12-31', 'pendente'),
	(836, 12, 'Pintar teto', '2024-12-31', 'pendente'),
	(837, 12, 'Trocar lampada dentro do box', '2024-12-31', 'pendente'),
	(838, 12, 'Ceramica na janela', '2024-12-31', 'pendente'),
	(839, 12, 'Trocar tomada', '2024-12-31', 'pendente'),
	(840, 12, 'Reparo descarga', '2024-12-31', 'pendente'),
	(841, 12, 'Rebocar parede tras do banheiro', '2024-12-31', 'pendente'),
	(842, 12, 'marco porta banheiro', '2024-12-31', 'pendente'),
	(843, 12, 'colocar porta no banheiro', '2024-12-31', 'pendente'),
	(845, 14, 'Comprar cano de 20', '2024-12-31', 'pendente'),
	(846, 14, 'Refazer vala', '2024-12-31', 'pendente'),
	(847, 14, 'Emcimentar novamento', '2024-12-31', 'pendente'),
	(848, 15, 'eletrica nas parede', '2024-12-31', 'pendente'),
	(849, 15, 'colocar quadro disjuntor', '2024-12-31', 'pendente'),
	(850, 15, 'montar armarios', '2024-12-31', 'pendente'),
	(851, 16, 'ceramica pendente no chao', '2024-12-31', 'pendente'),
	(852, 16, 'repintar parede', '2024-12-31', 'pendente'),
	(853, 16, 'pintar teto', '2024-12-31', 'pendente'),
	(854, 16, 'Colocar rodape', '2024-12-31', 'pendente'),
	(855, 17, 'Ceramica pendente no chao', '2025-02-28', 'pendente'),
	(856, 17, 'repintar parede', '2024-12-31', 'pendente'),
	(857, 17, 'Colocar rodape', '2024-12-31', 'pendente'),
	(858, 17, 'Pintar teto', '2024-12-31', 'pendente'),
	(859, 18, 'Terminar torre', '2024-12-31', 'concluido'),
	(860, 18, 'lixar e pintar geladeira', '2024-12-31', 'pendente'),
	(861, 18, 'Pintar teto', '2024-12-31', 'pendente'),
	(862, 18, 'vazamento pia', '2024-12-31', 'pendente'),
	(865, 1, 'Ler 10 paginas Livro ', '2024-12-31', 'pendente'),
	(879, 2, 'Pintura Capo', '2025-02-17', 'concluido'),
	(880, 2, 'Pintura Teto', '2025-02-17', 'concluido'),
	(881, 2, 'verificar luz de freio traseiro ', '2025-02-19', 'concluido'),
	(882, 2, 'Lixar para choque dianteiro', '2025-02-27', 'pendente'),
	(883, 7, 'testar moto e anotar pendencias', '2025-02-17', 'concluido'),
	(884, 7, 'Anunciar moto', '2025-02-27', 'pendente'),
	(887, 1, 'Estudar 2 horas', '2024-12-31', 'pendente'),
	(889, 6, 'pedal garupa', '2025-02-17', 'concluido'),
	(890, 4, 'limpar tanque', '2025-02-17', 'concluido'),
	(893, 36, 'Configurar notebook ', '2025-02-20', 'concluido'),
	(894, 36, 'Testar Video Game', '2025-02-22', 'pendente'),
	(895, 36, 'Anuncio painel Twister', '2025-02-27', 'pendente'),
	(896, 36, 'Anuncio Monitor', '2025-02-27', 'pendente'),
	(898, 36, 'Anuncio Tanque Fan 150', '2025-02-21', 'pendente'),
	(899, 7, 'relacionar coisas pendentes', '2025-02-21', 'pendente'),
	(900, 7, 'Testar novamente', '2025-02-26', 'concluido'),
	(901, 7, 'Limpar moto', '2025-02-27', 'pendente'),
	(902, 36, 'Colocar adesivo tanque ', '2025-02-21', 'concluido'),
	(903, 2, 'Lixar lado direito', '2025-02-21', 'pendente'),
	(904, 37, 'Banner em cima com dicas de economia (aleatorio)', '2025-03-01', 'pendente'),
	(905, 37, 'DividaAPagarLista  -> adiocionar botao pagar que indicara de qual contar pagar', '2025-03-31', 'pendente'),
	(906, 37, 'Lista ToDO --> no futuro ao excluir a categoria colocar como inativo por x dias', '2025-03-31', 'pendente'),
	(907, 37, 'Categoria por usuario( apos criar usuario modificar a categoria de gastos e colocar id_usuario)', '2025-03-31', 'pendente'),
	(908, 37, 'Adicionar botao --> cadastrar divida na pagina de ver dividas', '2025-03-31', 'pendente'),
	(909, 37, 'Adicionar botao --> cadastrar receita na pagina de ver receber', '2025-03-31', 'pendente'),
	(910, 37, 'Na fatura alterar de item para produto, (o item da compra)', '2025-02-24', 'concluido'),
	(911, 37, 'Criar Icone', '2025-03-31', 'concluido'),
	(912, 37, 'Criar Nome ', '2025-03-31', 'concluido'),
	(914, 37, 'Relatorio total divida(cartao + dividas)', '2025-02-28', 'pendente'),
	(915, 37, 'Tela login', '2025-02-26', 'concluido'),
	(916, 39, 'Media query', '2025-12-31', 'pendente'),
	(917, 39, 'SEO', '2025-12-01', 'pendente'),
	(918, 39, 'SQL Funcoes', '2025-12-01', 'pendente'),
	(919, 39, 'Flutter', '2025-12-01', 'pendente'),
	(920, 39, 'CSS', '2025-12-01', 'pendente'),
	(921, 39, 'Dom', '2025-12-01', 'pendente'),
	(922, 39, 'Javascript', '2025-12-01', 'pendente'),
	(923, 39, 'Tailwind', '2025-12-01', 'pendente'),
	(924, 37, 'Lista Todo --> ao clicka nao fechar atoa', '2025-02-25', 'concluido'),
	(925, 37, 'Login --> alterar senha', '2025-02-26', 'pendente'),
	(926, 37, 'Login --> session or cookie', '2025-02-26', 'pendente'),
	(927, 36, 'Transferir dinheiro pai', '2025-02-26', 'pendente'),
	(928, 36, 'Anuncio itens', '2025-02-26', 'pendente'),
	(929, 36, 'Notebook JUJU', '2025-02-25', 'pendente'),
	(930, 37, 'Lembrete pagina inicial de contas a pagar', '2025-03-03', 'pendente');

-- Copiando estrutura para tabela financeiro.todo_lista_categoria
CREATE TABLE IF NOT EXISTS `todo_lista_categoria` (
  `id_categoria` int NOT NULL AUTO_INCREMENT,
  `categoria_lista` varchar(30) CHARACTER SET utf8mb4 COLLATE utf8mb4_general_ci NOT NULL,
  PRIMARY KEY (`id_categoria`)
) ENGINE=InnoDB AUTO_INCREMENT=40 DEFAULT CHARSET=utf8mb4 COLLATE=utf8mb4_general_ci;

-- Copiando dados para a tabela financeiro.todo_lista_categoria: ~20 rows (aproximadamente)
REPLACE INTO `todo_lista_categoria` (`id_categoria`, `categoria_lista`) VALUES
	(1, 'Rotina'),
	(2, 'Palio'),
	(3, 'Strada'),
	(4, 'Apache 13'),
	(5, 'Apache 10'),
	(6, 'Apache Pai'),
	(7, 'FAN 2006'),
	(8, 'Kansas'),
	(9, 'Twister'),
	(10, 'CG89'),
	(11, 'Casa / Area Tanque'),
	(12, 'Casa / Banheiro'),
	(14, 'Casa / Entrada'),
	(15, 'Casa / Garagem'),
	(16, 'Casa / Quarto'),
	(17, 'Casa / Sala'),
	(18, 'Casa/ Cozinha'),
	(36, 'Sem categoria'),
	(37, 'Site'),
	(39, 'Estudar');

-- Copiando estrutura para tabela financeiro.transacoes
CREATE TABLE IF NOT EXISTS `transacoes` (
  `id_transacao` int NOT NULL AUTO_INCREMENT,
  `id_conta_origem` int NOT NULL,
  `id_conta_destino` int DEFAULT NULL,
  `id_categoria` int NOT NULL DEFAULT '0',
  `valor` decimal(10,2) NOT NULL,
  `data_transacao` date DEFAULT NULL,
  `local_transacao` varchar(100) CHARACTER SET utf8mb4 COLLATE utf8mb4_general_ci DEFAULT NULL,
  `tipo_transacao` enum('transferencia','despesa','receita','receita_divida','estorno') CHARACTER SET utf8mb4 COLLATE utf8mb4_general_ci NOT NULL,
  PRIMARY KEY (`id_transacao`),
  KEY `id_conta_destino` (`id_conta_destino`),
  KEY `id_conta_origem` (`id_conta_origem`),
  CONSTRAINT `transacoes_ibfk_1` FOREIGN KEY (`id_conta_destino`) REFERENCES `banco` (`id_banco`),
  CONSTRAINT `transacoes_ibfk_2` FOREIGN KEY (`id_conta_origem`) REFERENCES `banco` (`id_banco`)
) ENGINE=InnoDB AUTO_INCREMENT=274 DEFAULT CHARSET=utf8mb4 COLLATE=utf8mb4_general_ci;

-- Copiando dados para a tabela financeiro.transacoes: ~149 rows (aproximadamente)
REPLACE INTO `transacoes` (`id_transacao`, `id_conta_origem`, `id_conta_destino`, `id_categoria`, `valor`, `data_transacao`, `local_transacao`, `tipo_transacao`) VALUES
	(1, 2, 1, 0, 20.00, '2025-02-01', NULL, 'transferencia'),
	(2, 1, NULL, 12, 4.15, '2025-02-01', 'Padaria', 'despesa'),
	(3, 1, NULL, 15, 2.00, '2025-02-01', 'Padaria', 'despesa'),
	(4, 1, NULL, 18, 8.00, '2025-02-01', 'Lalade', 'despesa'),
	(5, 2, NULL, 2, 12.56, '2025-02-01', 'Epa', 'despesa'),
	(7, 2, NULL, 14, 1.18, '2025-02-01', 'Epa', 'despesa'),
	(8, 2, NULL, 17, 5.96, '2025-02-01', 'Epa', 'despesa'),
	(9, 2, NULL, 15, 6.18, '2025-02-01', 'Epa', 'despesa'),
	(10, 5, NULL, 0, 4.00, '2025-02-02', 'Pai', 'receita'),
	(11, 1, NULL, 12, 4.20, '2025-02-02', 'padaria', 'despesa'),
	(12, 2, 1, 0, 14.12, '2025-02-02', NULL, 'transferencia'),
	(13, 5, NULL, 1, 4.00, '2025-02-03', 'TESTE', 'despesa'),
	(25, 1, NULL, 12, 3.96, '2025-02-03', 'padaria', 'despesa'),
	(26, 1, NULL, 7, 5.50, '2025-02-03', 'Rubinho', 'despesa'),
	(31, 1, NULL, 0, 80.00, '2025-02-03', 'Larissa Itau', 'receita'),
	(32, 1, NULL, 14, 50.00, '2025-02-03', 'Jonathan / peça palio', 'despesa'),
	(33, 1, NULL, 3, 20.00, '2025-02-03', 'Gasolina Palio', 'despesa'),
	(34, 1, NULL, 14, 5.93, '2025-02-04', 'padaria / Larissa', 'despesa'),
	(35, 5, NULL, 0, 6.00, '2025-02-04', 'Larissa', 'receita'),
	(36, 5, NULL, 12, 4.00, '2025-02-04', 'padaria jaquerina', 'despesa'),
	(37, 1, NULL, 17, 3.00, '2025-02-04', 'lalade', 'despesa'),
	(38, 1, NULL, 0, 10.00, '2025-02-05', 'larissa', 'receita'),
	(40, 1, NULL, 2, 7.00, '2025-02-05', 'Lalade', 'despesa'),
	(41, 1, NULL, 17, 3.00, '2025-02-05', 'Lalade', 'despesa'),
	(42, 5, NULL, 12, 2.00, '2025-02-05', 'padaria jaquerina', 'despesa'),
	(43, 18, NULL, 0, 466.51, '2025-02-06', 'Luiz', 'receita'),
	(44, 18, NULL, 0, 278.00, '2025-02-06', 'Grace', 'receita'),
	(45, 1, NULL, 2, 7.00, '2025-02-06', 'Lalade', 'despesa'),
	(46, 18, 1, 0, 50.00, '2025-02-06', NULL, 'transferencia'),
	(47, 1, NULL, 2, 12.56, '2025-02-06', 'Epa', 'despesa'),
	(48, 1, NULL, 18, 12.80, '2025-02-06', 'Epa', 'despesa'),
	(49, 1, NULL, 17, 2.98, '2025-02-06', 'Epa', 'despesa'),
	(50, 1, NULL, 15, 2.36, '2025-02-06', 'Epa', 'despesa'),
	(51, 1, NULL, 1, 6.98, '2025-02-06', 'Epa', 'despesa'),
	(52, 1, NULL, 15, 6.98, '2025-02-06', 'Epa', 'despesa'),
	(53, 1, NULL, 12, 2.00, '2025-02-06', 'padaria', 'despesa'),
	(63, 18, NULL, 2, 12.56, '2025-02-07', 'Epa', 'despesa'),
	(64, 18, NULL, 13, 17.80, '2025-02-07', 'Epa', 'despesa'),
	(67, 18, NULL, 17, 5.96, '2025-02-07', 'Epa', 'despesa'),
	(68, 18, NULL, 13, 6.80, '2025-02-07', 'Epa', 'despesa'),
	(69, 18, NULL, 14, 500.00, '2025-02-08', 'LARISSA', 'despesa'),
	(70, 1, NULL, 14, 4.99, '2025-02-07', 'Hamburguer', 'despesa'),
	(73, 18, NULL, 0, 100.00, '2025-02-08', 'samuel', 'receita'),
	(74, 1, NULL, 12, 4.00, '2025-02-08', 'padaria jaquerina', 'despesa'),
	(90, 1, NULL, 12, 4.30, '2025-02-09', 'Padaria', 'despesa'),
	(91, 1, NULL, 12, 3.00, '2025-02-09', 'Padaria ', 'despesa'),
	(92, 18, NULL, 1, 28.00, '2025-02-09', '2 cachorro quente', 'despesa'),
	(95, 18, NULL, 2, 7.00, '2025-02-09', 'Araujo', 'despesa'),
	(96, 18, NULL, 18, 9.00, '2025-02-09', 'Araujo', 'despesa'),
	(97, 18, NULL, 17, 3.00, '2025-02-09', 'Araujo', 'despesa'),
	(98, 18, NULL, 14, 12.90, '2025-02-09', 'Araujo - Livro', 'despesa'),
	(99, 18, NULL, 15, 5.75, '2025-02-09', 'Araujo', 'despesa'),
	(100, 5, NULL, 0, 1815.00, '2025-02-09', 'Seguro Desemprego', 'receita'),
	(101, 5, NULL, 0, 20.00, '2025-02-09', 'Paulinho', 'receita'),
	(103, 18, NULL, 14, 26.90, '2025-02-10', 'Torneira tanque fan', 'despesa'),
	(104, 18, NULL, 18, 9.00, '2025-02-10', 'Araujo', 'despesa'),
	(105, 18, NULL, 17, 2.89, '2025-02-10', 'Araujo', 'despesa'),
	(106, 18, NULL, 15, 6.39, '2025-02-10', 'Araujo', 'despesa'),
	(107, 18, NULL, 2, 7.29, '2025-02-10', 'Araujo', 'despesa'),
	(108, 1, NULL, 12, 3.00, '2025-02-11', 'padaria', 'despesa'),
	(109, 1, NULL, 14, 8.00, '2025-02-11', 'engate compressor', 'despesa'),
	(110, 1, NULL, 17, 3.00, '2025-02-11', 'Lalade', 'despesa'),
	(135, 1, NULL, 2, 7.00, '2025-02-12', 'mercearia', 'despesa'),
	(136, 1, NULL, 14, 26.90, '2025-02-12', 'coletor admissao fan', 'despesa'),
	(137, 1, NULL, 12, 3.99, '2025-02-12', 'padaria jaquerina', 'despesa'),
	(138, 1, NULL, 2, 6.28, '2025-02-12', 'epa', 'despesa'),
	(139, 1, NULL, 17, 2.98, '2025-02-12', 'epa', 'despesa'),
	(140, 1, NULL, 15, 6.98, '2025-02-12', 'Epa', 'despesa'),
	(141, 5, NULL, 0, 150.00, '2025-02-20', 'Luiz ', 'receita_divida'),
	(143, 1, NULL, 12, 2.00, '2025-02-13', 'padaria jaquerina', 'despesa'),
	(144, 1, NULL, 14, 8.00, '2025-02-13', '2 Lixas 320', 'despesa'),
	(145, 18, NULL, 14, 8.00, '2025-02-13', '2 copos de medidas', 'despesa'),
	(146, 1, NULL, 14, 4.50, '2025-02-13', 'H2O larissa', 'despesa'),
	(147, 1, NULL, 18, 12.80, '2025-02-13', 'epa', 'despesa'),
	(148, 1, NULL, 2, 6.28, '2025-02-13', 'Epa', 'despesa'),
	(149, 4, 18, 0, 166.75, '2025-02-14', NULL, 'transferencia'),
	(150, 1, NULL, 12, 2.99, '2025-02-14', 'padaria ', 'despesa'),
	(151, 1, NULL, 15, 2.00, '2025-02-14', 'batom', 'despesa'),
	(152, 18, NULL, 2, 12.56, '2025-02-14', 'Epa', 'despesa'),
	(153, 18, NULL, 1, 19.98, '2025-02-14', 'Epa OVOS', 'despesa'),
	(154, 18, NULL, 17, 5.96, '2025-02-14', 'Epa', 'despesa'),
	(155, 18, NULL, 1, 5.98, '2025-02-14', 'Epa  - mortadela', 'despesa'),
	(156, 18, NULL, 1, 8.05, '2025-02-14', 'epa  - mussalera ', 'despesa'),
	(157, 18, NULL, 15, 6.98, '2025-02-14', 'Epa', 'despesa'),
	(158, 2, 18, 0, 38.00, '2025-02-14', NULL, 'transferencia'),
	(159, 18, NULL, 18, 16.18, '2025-02-15', 'carrefour', 'despesa'),
	(160, 1, NULL, 2, 13.50, '2025-02-15', 'carrefour coca/fanta', 'despesa'),
	(161, 18, NULL, 15, 11.00, '2025-02-15', 'carrefour', 'despesa'),
	(162, 18, NULL, 14, 0.99, '2025-02-15', 'carrefour', 'despesa'),
	(164, 18, NULL, 2, 13.50, '2025-02-15', 'carrefour coca/fanta', 'despesa'),
	(165, 1, NULL, 12, 4.28, '2025-02-15', 'padaria jaquerina', 'despesa'),
	(166, 1, NULL, 14, 15.00, '2025-02-15', 'cachorro quente', 'despesa'),
	(167, 18, NULL, 14, 24.24, '2025-02-16', 'veiculo - Pó xadrez', 'despesa'),
	(168, 1, NULL, 12, 2.72, '2025-02-16', 'pao', 'despesa'),
	(169, 1, NULL, 12, 2.72, '2025-02-16', 'pao', 'despesa'),
	(171, 2, NULL, 0, 10.76, '2025-02-16', 'Meli CachBack', 'receita'),
	(172, 2, 18, 0, 11.70, '2025-02-16', NULL, 'transferencia'),
	(173, 18, NULL, 14, 10.90, '2025-02-17', 'Desodorante larissa', 'despesa'),
	(174, 18, NULL, 14, 14.80, '2025-02-17', 'nescau', 'despesa'),
	(175, 1, NULL, 7, 9.16, '2025-02-17', 'epa', 'despesa'),
	(176, 18, NULL, 2, 6.28, '2025-02-17', 'epa', 'despesa'),
	(177, 18, NULL, 15, 2.90, '2025-02-17', '2 tortuguita', 'despesa'),
	(180, 18, NULL, 17, 3.00, '2025-02-17', 'epa', 'despesa'),
	(181, 1, NULL, 12, 5.18, '2025-02-18', 'padaria jaquerina', 'despesa'),
	(182, 1, NULL, 2, 7.00, '2025-02-18', 'Lalade', 'despesa'),
	(183, 1, NULL, 14, 2.00, '2025-02-18', '2 doce', 'despesa'),
	(200, 1, NULL, 14, 13.00, '2025-02-19', 'Chip Tim', 'despesa'),
	(201, 18, NULL, 7, 4.58, '2025-02-19', 'epa', 'despesa'),
	(202, 18, NULL, 1, 6.93, '2025-02-19', 'epa', 'despesa'),
	(203, 18, NULL, 17, 5.96, '2025-02-19', 'Epa', 'despesa'),
	(204, 18, NULL, 0, 30.00, '2025-02-20', 'Luiz ', 'receita_divida'),
	(205, 18, NULL, 0, 150.00, '2025-02-20', 'Luiz  ESTORNO', 'receita_divida'),
	(206, 18, 1, 0, 20.00, '2025-02-20', NULL, 'transferencia'),
	(207, 1, NULL, 2, 7.50, '2025-02-20', 'lalade', 'despesa'),
	(208, 18, NULL, 0, 150.00, '2025-02-20', 'Luiz', 'receita_divida'),
	(209, 1, NULL, 14, 3.80, '2025-02-20', 'lixa 80 - palio', 'despesa'),
	(210, 1, NULL, 12, 2.22, '2025-02-20', 'padaria jaquerina', 'despesa'),
	(211, 18, 1, 0, 50.00, '2025-02-20', NULL, 'transferencia'),
	(212, 1, NULL, 2, 7.50, '2025-02-20', 'Lalade', 'despesa'),
	(213, 1, NULL, 18, 10.49, '2025-02-20', 'araujo', 'despesa'),
	(214, 1, NULL, 15, 4.47, '2025-02-20', 'chocolate lorran', 'despesa'),
	(216, 1, NULL, 15, 11.38, '2025-02-20', 'araujo', 'despesa'),
	(222, 1, NULL, 2, 7.50, '2025-02-21', 'lalade', 'despesa'),
	(223, 1, NULL, 12, 4.33, '2025-02-21', 'padaria jaquerina', 'despesa'),
	(224, 18, NULL, 19, 40.00, '2025-02-22', 'Banco solda', 'despesa'),
	(225, 18, NULL, 17, 5.96, '2025-02-22', 'epa', 'despesa'),
	(228, 18, NULL, 1, 5.98, '2025-02-22', 'mortadela', 'despesa'),
	(229, 18, NULL, 15, 1.96, '2025-02-22', '2 bombons', 'despesa'),
	(230, 18, NULL, 18, 12.89, '2025-02-22', 'Araujo', 'despesa'),
	(231, 18, NULL, 15, 5.96, '2025-02-22', 'Araujo', 'despesa'),
	(233, 18, NULL, 2, 7.29, '2025-02-22', 'Araujo', 'despesa'),
	(234, 1, NULL, 12, 2.04, '2025-02-22', 'padaria jaquerina', 'despesa'),
	(235, 1, NULL, 12, 2.00, '2025-02-23', 'padaria', 'despesa'),
	(236, 18, NULL, 20, 19.99, '2025-02-23', 'eppi cinema', 'despesa'),
	(237, 18, 1, 0, 5.00, '2025-02-23', NULL, 'transferencia'),
	(238, 1, NULL, 2, 7.50, '2025-02-23', '', 'despesa'),
	(239, 1, NULL, 14, 5.00, '2025-02-23', '5 doce', 'despesa'),
	(241, 18, NULL, 14, 3.00, '2025-02-24', 'estacionamento', 'despesa'),
	(242, 18, 1, 0, 70.00, '2025-02-24', NULL, 'transferencia'),
	(243, 1, NULL, 2, 7.50, '2025-02-24', '', 'despesa'),
	(244, 1, NULL, 12, 4.48, '2025-02-24', '', 'despesa'),
	(245, 1, NULL, 14, 11.00, '2025-02-24', 'brinquedo Lorran', 'despesa'),
	(246, 1, NULL, 14, 11.00, '2025-02-24', 'jogo de bloca de ferro', 'despesa'),
	(247, 1, NULL, 18, 8.00, '2025-02-24', '', 'despesa'),
	(248, 18, NULL, 14, 10.00, '2025-02-24', 'morango Larissa', 'despesa'),
	(249, 18, NULL, 7, 9.16, '2025-02-24', '', 'despesa'),
	(250, 18, NULL, 17, 5.96, '2025-02-24', '', 'despesa'),
	(252, 18, NULL, 2, 5.98, '2025-02-24', '', 'despesa'),
	(255, 18, NULL, 15, 3.38, '2025-02-24', '', 'despesa'),
	(256, 18, NULL, 15, 2.94, '2025-02-24', '', 'despesa'),
	(257, 1, NULL, 2, 7.29, '2025-02-25', 'Araujo', 'despesa'),
	(258, 1, NULL, 15, 6.39, '2025-02-25', 'Araujo', 'despesa'),
	(259, 1, NULL, 12, 4.18, '2025-02-25', 'padaria jaquerina', 'despesa'),
	(260, 18, 1, 0, 30.00, '2025-02-26', NULL, 'transferencia'),
	(261, 1, NULL, 14, 15.76, '2025-02-26', 'Documento Eduardo', 'despesa'),
	(262, 18, 1, 0, 78.64, '2025-02-26', NULL, 'transferencia'),
	(263, 1, NULL, 17, 5.96, '2025-02-26', 'epa', 'despesa'),
	(264, 1, NULL, 14, 11.98, '2025-02-26', 'epa nescau', 'despesa'),
	(265, 1, NULL, 2, 18.54, '2025-02-26', 'Apoio ', 'despesa'),
	(266, 1, NULL, 14, 3.79, '2025-02-26', 'milho pipoca', 'despesa'),
	(268, 1, NULL, 15, 10.98, '2025-02-26', '2 chocolate', 'despesa'),
	(269, 1, NULL, 2, 4.79, '2025-02-26', 'coca 600ml', 'despesa'),
	(270, 1, NULL, 2, 4.39, '2025-02-26', 'fanta uva 600ml', 'despesa'),
	(271, 1, NULL, 18, 8.49, '2025-02-26', '', 'despesa'),
	(272, 1, NULL, 1, 20.00, '2025-02-27', '20 Ovos', 'despesa'),
	(273, 1, NULL, 12, 4.10, '2025-02-26', '', 'despesa');

-- Copiando estrutura para tabela financeiro.usuario
CREATE TABLE IF NOT EXISTS `usuario` (
  `id_usuario` int NOT NULL AUTO_INCREMENT,
  `usuario` varchar(20) CHARACTER SET utf8mb4 COLLATE utf8mb4_general_ci NOT NULL,
  `senha` varchar(255) COLLATE utf8mb4_general_ci DEFAULT NULL,
  `ativo` enum('1','0') CHARACTER SET utf8mb4 COLLATE utf8mb4_general_ci NOT NULL,
  `nome` varchar(50) COLLATE utf8mb4_general_ci DEFAULT NULL,
  `cidade` varchar(50) COLLATE utf8mb4_general_ci DEFAULT NULL,
  `estado` char(2) COLLATE utf8mb4_general_ci DEFAULT NULL,
  `dataNascimento` date DEFAULT NULL,
  PRIMARY KEY (`id_usuario`) USING BTREE
) ENGINE=InnoDB AUTO_INCREMENT=6 DEFAULT CHARSET=utf8mb4 COLLATE=utf8mb4_general_ci;

-- Copiando dados para a tabela financeiro.usuario: ~2 rows (aproximadamente)
REPLACE INTO `usuario` (`id_usuario`, `usuario`, `senha`, `ativo`, `nome`, `cidade`, `estado`, `dataNascimento`) VALUES
	(1, 'chris8', '$2y$12$WC.ZpEpN5IGotTV7D4ecqOdvz13HhTBmDoE4BFYAf0o7gfz5ZVH7S', '1', 'Christopher Francisco Pereira', 'Belo horizonte', 'MG', '1989-11-16'),
	(2, 'geraldo', '$2y$12$Q7tMY229c2KE/rc/sMl17egzc4C/iSl.5FH0enNoDlSRDEklraB3G', '1', 'Geraldo Francisco Pereira', 'Belo Horizonte', 'MG', '1962-06-14');

/*!40103 SET TIME_ZONE=IFNULL(@OLD_TIME_ZONE, 'system') */;
/*!40101 SET SQL_MODE=IFNULL(@OLD_SQL_MODE, '') */;
/*!40014 SET FOREIGN_KEY_CHECKS=IFNULL(@OLD_FOREIGN_KEY_CHECKS, 1) */;
/*!40101 SET CHARACTER_SET_CLIENT=@OLD_CHARACTER_SET_CLIENT */;
/*!40111 SET SQL_NOTES=IFNULL(@OLD_SQL_NOTES, 1) */;
